t_wall,gpu_util_pct,mem_used_mib,mem_total_mib,temp_c
1788721486.543664,2.0,620.0,8188.0,67.0
1788721486.743692,2.0,620.0,8188.0,67.0
1788721486.944690,1.0,620.0,8188.0,67.0
1788721487.144873,1.0,620.0,8188.0,67.0
1788721487.345069,1.0,620.0,8188.0,67.0
1788721487.545260,1.0,620.0,8188.0,67.0
1788721487.745455,1.0,620.0,8188.0,67.0
1788721487.945649,2.0,887.0,8188.0,67.0
1788721488.145694,2.0,887.0,8188.0,67.0
1788721488.345888,2.0,887.0,8188.0,67.0
1788721488.546086,2.0,887.0,8188.0,78.0
1788721488.746345,2.0,887.0,8188.0,78.0
1788721488.946538,100.0,887.0,8188.0,78.0
1788721489.146696,100.0,889.0,8188.0,78.0
1788721489.346888,100.0,889.0,8188.0,78.0
1788721489.547083,100.0,887.0,8188.0,79.0
1788721489.747279,100.0,887.0,8188.0,79.0
1788721489.947466,100.0,889.0,8188.0,79.0
1788721490.147659,100.0,887.0,8188.0,79.0
1788721490.347705,100.0,887.0,8188.0,79.0
1788721490.547898,100.0,887.0,8188.0,79.0
1788721490.748092,100.0,887.0,8188.0,79.0
1788721490.948289,100.0,887.0,8188.0,80.0
1788721491.148489,100.0,887.0,8188.0,80.0
1788721491.348701,100.0,887.0,8188.0,80.0
1788721491.548899,100.0,887.0,8188.0,80.0
1788721491.749688,100.0,887.0,8188.0,80.0
1788721491.949877,100.0,887.0,8188.0,80.0
1788721492.150073,100.0,889.0,8188.0,80.0
1788721492.350285,100.0,887.0,8188.0,80.0
1788721492.550477,100.0,887.0,8188.0,80.0
1788721492.750669,100.0,887.0,8188.0,80.0
1788721492.950691,100.0,887.0,8188.0,80.0
1788721493.150887,100.0,889.0,8188.0,80.0
1788721493.351083,100.0,889.0,8188.0,80.0
1788721493.551274,100.0,889.0,8188.0,81.0
1788721493.751468,100.0,887.0,8188.0,81.0
1788721493.951660,100.0,889.0,8188.0,81.0
1788721494.151691,100.0,889.0,8188.0,81.0
1788721494.351884,100.0,889.0,8188.0,81.0
1788721494.552075,100.0,887.0,8188.0,81.0
1788721494.752272,100.0,887.0,8188.0,81.0
1788721494.952463,100.0,887.0,8188.0,81.0
1788721495.152656,100.0,887.0,8188.0,81.0
1788721495.352695,100.0,887.0,8188.0,81.0
1788721495.552888,100.0,887.0,8188.0,81.0
1788721495.753082,100.0,887.0,8188.0,81.0
1788721495.953276,100.0,887.0,8188.0,81.0
1788721496.153469,100.0,889.0,8188.0,81.0
1788721496.353665,100.0,887.0,8188.0,81.0
1788721496.553693,100.0,887.0,8188.0,82.0
1788721496.753890,100.0,887.0,8188.0,82.0
1788721496.954090,100.0,887.0,8188.0,82.0
1788721497.154284,100.0,889.0,8188.0,82.0
1788721497.354631,100.0,887.0,8188.0,82.0
1788721497.554693,100.0,889.0,8188.0,82.0
1788721497.754884,100.0,887.0,8188.0,82.0
1788721497.955079,100.0,889.0,8188.0,82.0
1788721498.155272,100.0,887.0,8188.0,82.0
1788721498.355465,100.0,887.0,8188.0,82.0
1788721498.555627,100.0,889.0,8188.0,82.0
1788721498.755691,100.0,889.0,8188.0,82.0
1788721498.955885,100.0,889.0,8188.0,82.0
1788721499.156075,100.0,891.0,8188.0,82.0
1788721499.356264,100.0,887.0,8188.0,82.0
1788721499.556455,100.0,887.0,8188.0,82.0
1788721499.756651,100.0,889.0,8188.0,82.0
1788721499.956699,100.0,887.0,8188.0,82.0
1788721500.157358,100.0,887.0,8188.0,82.0
1788721500.357550,100.0,887.0,8188.0,82.0
1788721500.557696,100.0,887.0,8188.0,82.0
1788721500.757888,100.0,887.0,8188.0,82.0
1788721500.958077,100.0,887.0,8188.0,82.0
1788721501.158275,100.0,889.0,8188.0,82.0
1788721501.358473,100.0,889.0,8188.0,82.0
1788721501.558667,100.0,887.0,8188.0,83.0
1788721501.758689,100.0,889.0,8188.0,83.0
1788721501.958883,100.0,889.0,8188.0,83.0
1788721502.159076,100.0,889.0,8188.0,83.0
1788721502.359279,100.0,887.0,8188.0,83.0
1788721502.559469,100.0,987.0,8188.0,83.0
1788721502.759661,100.0,989.0,8188.0,83.0
1788721502.959699,100.0,1053.0,8188.0,83.0
1788721503.159892,100.0,1053.0,8188.0,83.0
1788721503.360086,100.0,1053.0,8188.0,83.0
1788721503.560278,100.0,1053.0,8188.0,83.0
1788721503.760472,100.0,1053.0,8188.0,83.0
1788721503.960664,100.0,1055.0,8188.0,83.0
1788721504.160691,100.0,1053.0,8188.0,83.0
1788721504.360888,100.0,1053.0,8188.0,83.0
1788721504.561079,100.0,1053.0,8188.0,83.0
1788721504.761273,100.0,1059.0,8188.0,83.0
1788721504.961466,100.0,1057.0,8188.0,84.0
1788721505.161659,100.0,1055.0,8188.0,84.0
1788721505.361702,100.0,1053.0,8188.0,84.0
1788721505.561874,100.0,1053.0,8188.0,83.0
1788721505.762067,100.0,1055.0,8188.0,83.0
1788721505.962279,100.0,1053.0,8188.0,84.0
1788721506.162477,100.0,1053.0,8188.0,84.0
1788721506.362673,100.0,1055.0,8188.0,84.0
1788721506.562706,100.0,1053.0,8188.0,83.0
1788721506.762898,100.0,1053.0,8188.0,83.0
1788721506.962930,100.0,1053.0,8188.0,84.0
1788721507.163129,100.0,1053.0,8188.0,84.0
1788721507.363323,100.0,1053.0,8188.0,84.0
1788721507.563513,100.0,1053.0,8188.0,84.0
1788721507.763691,100.0,1053.0,8188.0,84.0
1788721507.963882,100.0,1053.0,8188.0,84.0
1788721508.164079,100.0,1053.0,8188.0,84.0
1788721508.364271,100.0,1055.0,8188.0,84.0
1788721508.564464,100.0,1053.0,8188.0,84.0
1788721508.764659,100.0,1053.0,8188.0,84.0
1788721508.964698,100.0,1053.0,8188.0,84.0
1788721509.164889,100.0,1053.0,8188.0,84.0
1788721509.365088,100.0,1055.0,8188.0,84.0
1788721509.565290,100.0,1053.0,8188.0,84.0
1788721509.765488,100.0,1055.0,8188.0,84.0
1788721509.965696,100.0,1055.0,8188.0,84.0
1788721510.165888,100.0,1055.0,8188.0,84.0
1788721510.366080,100.0,1055.0,8188.0,84.0
1788721510.566274,100.0,1053.0,8188.0,84.0
1788721510.766469,100.0,1053.0,8188.0,84.0
1788721510.966662,100.0,1053.0,8188.0,85.0
1788721511.166691,100.0,1053.0,8188.0,85.0
1788721511.366887,100.0,1053.0,8188.0,85.0
1788721511.567090,100.0,1053.0,8188.0,85.0
1788721511.767287,100.0,1053.0,8188.0,85.0
1788721511.967482,100.0,1055.0,8188.0,85.0
1788721512.167681,100.0,1055.0,8188.0,85.0
1788721512.367875,100.0,1183.0,8188.0,85.0
1788721512.568068,100.0,1213.0,8188.0,85.0
1788721512.768265,100.0,1213.0,8188.0,85.0
1788721512.968456,100.0,1215.0,8188.0,85.0
1788721513.168647,100.0,1213.0,8188.0,85.0
1788721513.368696,100.0,1213.0,8188.0,85.0
1788721513.568932,100.0,1213.0,8188.0,84.0
1788721513.769124,100.0,1215.0,8188.0,84.0
1788721513.969318,100.0,1213.0,8188.0,85.0
1788721514.169506,100.0,1213.0,8188.0,85.0
1788721514.369701,100.0,1215.0,8188.0,85.0
1788721514.569889,100.0,1213.0,8188.0,84.0
1788721514.770087,100.0,1215.0,8188.0,84.0
1788721514.970279,100.0,1215.0,8188.0,85.0
1788721515.170470,100.0,1213.0,8188.0,85.0
1788721515.370667,100.0,1213.0,8188.0,85.0
1788721515.570698,100.0,1215.0,8188.0,85.0
1788721515.770886,100.0,1213.0,8188.0,85.0
1788721515.971079,100.0,1213.0,8188.0,85.0
1788721516.171270,100.0,1213.0,8188.0,85.0
1788721516.371477,100.0,1215.0,8188.0,85.0
1788721516.571673,100.0,1213.0,8188.0,85.0
1788721516.771863,100.0,1213.0,8188.0,85.0
1788721516.972065,100.0,1215.0,8188.0,85.0
1788721517.172255,100.0,1215.0,8188.0,85.0
1788721517.372449,100.0,1215.0,8188.0,85.0
1788721517.572647,100.0,1217.0,8188.0,85.0
1788721517.772696,100.0,1217.0,8188.0,85.0
1788721517.972890,100.0,1217.0,8188.0,85.0
1788721518.173099,100.0,1221.0,8188.0,85.0
1788721518.373291,100.0,1219.0,8188.0,85.0
1788721518.573488,100.0,1217.0,8188.0,85.0
1788721518.773686,100.0,1217.0,8188.0,85.0
1788721518.973880,100.0,1217.0,8188.0,84.0
1788721519.174081,100.0,1221.0,8188.0,84.0
1788721519.374275,100.0,1217.0,8188.0,84.0
1788721519.574468,100.0,1219.0,8188.0,85.0
1788721519.774659,100.0,1219.0,8188.0,85.0
1788721519.974692,100.0,1219.0,8188.0,85.0
1788721520.174883,100.0,1217.0,8188.0,85.0
1788721520.375075,100.0,1219.0,8188.0,85.0
1788721520.575269,100.0,1219.0,8188.0,85.0
1788721520.775471,100.0,1217.0,8188.0,85.0
1788721520.975665,100.0,1219.0,8188.0,85.0
1788721521.175696,100.0,1217.0,8188.0,85.0
1788721521.375890,100.0,1219.0,8188.0,85.0
